Route,order,Cum_Distance,node
metro1,1,0,56
metro1,2,5.9543526,57
metro1,3,11.1560526,58
metro1,4,16.9408197,59
metro1,5,22.7255868,58
metro1,6,27.9272868,57
metro1,7,33.8816394,56
Bus100,1,0,2
Bus100,2,7.0012845,10
Bus100,3,13.07257455,21
Bus100,4,16.600563,58
Bus100,5,21.2396625,36
Bus100,6,27.21177795,46
Bus100,7,30.2565081,51
Bus100,8,36.22862355,46
Bus100,9,40.86772305,36
Bus100,10,44.3957115,58
Bus100,11,50.46700155,21
Bus100,12,56.0163135,14
Bus100,13,63.1198428,2
